{"cameraMode":{"drawMode":0,"name":"Shaded","section":"Shading Mode"},"sceneLighting":false,"audioPlay":false,"sceneViewState":{"showFog":true,"showMaterialUpdate":false,"showSkybox":false,"showFlares":true,"showImageEffects":true,"showParticleSystems":true},"in2DMode":false,"pivot":{"x":0.1298617720603943,"y":0.8316596150398254,"z":-0.11397528648376465},"rotation":{"x":-0.012164846062660218,"y":-0.9876892566680908,"z":0.10140413045883179,"w":-0.11848728358745575},"size":3.718648672103882,"orthographic":false}