{"cameraMode":{"drawMode":0,"name":"Shaded","section":"Shading Mode"},"sceneLighting":false,"audioPlay":false,"sceneViewState":{"showFog":true,"showMaterialUpdate":false,"showSkybox":false,"showFlares":true,"showImageEffects":true,"showParticleSystems":true},"in2DMode":false,"pivot":{"x":-2.455841064453125,"y":-2.448455810546875,"z":0.2526073455810547},"rotation":{"x":-0.1491280049085617,"y":-0.8112100958824158,"z":0.23529671132564546,"w":-0.5141348242759705},"size":42.36102294921875,"orthographic":false}