{"cameraMode":{"drawMode":0,"name":"Shaded","section":"Shading Mode"},"sceneLighting":false,"audioPlay":false,"sceneViewState":{"showFog":true,"showMaterialUpdate":false,"showSkybox":false,"showFlares":true,"showImageEffects":true,"showParticleSystems":true},"in2DMode":false,"pivot":{"x":-0.09315872192382813,"y":1.7865302562713624,"z":0.28068065643310549},"rotation":{"x":-0.12157074362039566,"y":-0.8177732229232788,"z":0.18743449449539185,"w":-0.5304111242294312},"size":4.317577838897705,"orthographic":false}