{"cameraMode":{"drawMode":0,"name":"Shaded","section":"Shading Mode"},"sceneLighting":false,"audioPlay":false,"sceneViewState":{"showFog":true,"showMaterialUpdate":false,"showSkybox":true,"showFlares":true,"showImageEffects":true,"showParticleSystems":true},"in2DMode":false,"pivot":{"x":0.7376099228858948,"y":-3.614712715148926,"z":-4.140820026397705},"rotation":{"x":0.17798440158367158,"y":0.8211952447891235,"z":-0.40309399366378786,"w":0.3625950515270233},"size":2.145646810531616,"orthographic":false}